{
    "timestamp": {
        "total": 1477582056,
        "exchanges": {
            "NEG": 1477578023,
            "MBT": 1477581454,
            "LOC": 1477578610,
            "FOX": 1477581536,
            "B2U": 1477580551
        }
    },
    "ticker_24h": {
        "total": {
            "last": 2208.1337715941,
            "high": 2341.81,
            "low": 2100,
            "vol": 748.86497229283,
            "vwap": 2200.0422996703,
            "money": 1647534.6157857,
            "trades": 1841
        },
        "exchanges": {
            "B2U": {
                "last": 2190.56,
                "open": 2142.1,
                "high": 2232.64455,
                "low": 2100,
                "vol": 181.26001496283,
                "vwap": 2174.1433965362,
                "money": 394085.2645875,
                "trades": 466
            },
            "FOX": {
                "last": 2214.98,
                "open": 2175.05,
                "high": 2242.14,
                "low": 2174,
                "vol": 360.93692425,
                "vwap": 2211.4410823648,
                "money": 798190.74242885,
                "trades": 590
            },
            "LOC": {
                "last": 2168.73,
                "open": 2211.57,
                "high": 2341.81,
                "low": 2128.64,
                "vol": 26.1415,
                "vwap": 2206.800970411,
                "money": 57689.087568,
                "trades": 33
            },
            "MBT": {
                "last": 2219.79,
                "open": 2154.02001,
                "high": 2239.9099,
                "low": 2154.02001,
                "vol": 147.2771408,
                "vwap": 2206.2368849836,
                "money": 324928.26034789,
                "trades": 673
            },
            "NEG": {
                "last": 2207.4,
                "open": 2168.7,
                "high": 2240,
                "low": 2167,
                "vol": 33.24939228,
                "vwap": 2184.7395056632,
                "money": 72641.260853409,
                "trades": 79
            }
        }
    },
    "ticker_12h": {
        "total": {
            "last": 2204.3506127696,
            "high": 2341.81,
            "low": 2120.08,
            "vol": 252.81331298313,
            "vwap": 2204.4352279769,
            "money": 557310.57324156,
            "trades": 644
        },
        "exchanges": {
            "B2U": {
                "last": 2190.56,
                "open": 2185.04999998,
                "high": 2232.64455,
                "low": 2120.08,
                "vol": 82.395445313132,
                "vwap": 2184.9355470745,
                "money": 180028.7373817,
                "trades": 197
            },
            "FOX": {
                "last": 2214.98,
                "open": 2215.99,
                "high": 2231.48,
                "low": 2200.71,
                "vol": 107.09860744,
                "vwap": 2213.7213337646,
                "money": 237086.47210641,
                "trades": 176
            },
            "LOC": {
                "last": 2168.73,
                "open": 2219.52,
                "high": 2341.81,
                "low": 2128.64,
                "vol": 17.7999,
                "vwap": 2208.4869691403,
                "money": 39310.847202,
                "trades": 16
            },
            "MBT": {
                "last": 2219.79,
                "open": 2209.99673,
                "high": 2229.99841,
                "low": 2200,
                "vol": 38.44770397,
                "vwap": 2215.2312801098,
                "money": 85170.556482745,
                "trades": 216
            },
            "NEG": {
                "last": 2207.4,
                "open": 2200,
                "high": 2240,
                "low": 2200,
                "vol": 7.07165626,
                "vwap": 2222.1046231551,
                "money": 15713.96006871,
                "trades": 39
            }
        }
    },
    "ticker_1h": {
        "total": {
            "last": 2208.9470826345,
            "high": 2221.75999,
            "low": 2168.73,
            "vol": 45.305173644882,
            "vwap": 2206.4868552813,
            "money": 99965.270123668,
            "trades": 75
        },
        "exchanges": {
            "B2U": {
                "last": 2190.56,
                "open": 2199.78,
                "high": 2213.8891,
                "low": 2190.56,
                "vol": 2.2573425148819,
                "vwap": 2201.7617837361,
                "money": 4970.1304820697,
                "trades": 17
            },
            "FOX": {
                "last": 2214.98,
                "open": 2206.02,
                "high": 2216,
                "low": 2206.02,
                "vol": 32.80759981,
                "vwap": 2211.0011272622,
                "money": 72537.640162677,
                "trades": 23
            },
            "LOC": {
                "last": 2168.73,
                "open": 2168.73,
                "high": 2168.73,
                "low": 2168.73,
                "vol": 5.3256,
                "vwap": 2168.73,
                "money": 11549.788488,
                "trades": 1
            },
            "MBT": {
                "last": 2219.79,
                "open": 2221.75997,
                "high": 2221.75999,
                "low": 2200.30804,
                "vol": 4.91463132,
                "vwap": 2219.4362670771,
                "money": 10907.710990921,
                "trades": 34
            }
        }
    },
    "rates": {
        "USDCBRL": 3.1565,
        "USDTBRL": 3.31
    }
}